<Ui xmlns="http://www.blizzard.com/wow/ui/"
  xmlns:xsi="http://www.w3.org/2001/XMLSchema-instance"
  xsi:schemaLocation="http://www.blizzard.com/wow/ui/..\FrameXML\UI.xsd">
  <Frame name="MrTargetOptionsTemplate" toplevel="true" virtual="true" hidden="true">
    <Layers>
      <Layer level="ARTWORK">
        <FontString name="$parentSubtitle" inherits="GameFontNormal" parentKey="Subtitle" justifyH="LEFT" text="MrTarget">
          <Anchors>
            <Anchor point="TOPLEFT" x="16" y="-16"/>
          </Anchors>
        </FontString>
        <FontString name="$parentTitle" inherits="GameFontHighlightLarge" parentKey="Title" justifyH="LEFT" text="MrTarget">
          <Anchors>
            <Anchor point="TOPLEFT" relativeTo="$parentSubtitle" relativePoint="BOTTOMLEFT" x="0" y="-5"/>
          </Anchors>
        </FontString>
        <FontString name="$parentTitleNaming" inherits="GameFontHighlight" justifyH="LEFT" text="MRTARGET_STRINGS_RUSSIANS">
          <Anchors>
            <Anchor point="TOPLEFT" relativeTo="$parentTitle" relativePoint="BOTTOMLEFT" x="0" y="-140"/>
          </Anchors>
        </FontString>
        <FontString name="$parentTitleSize" inherits="GameFontHighlight" justifyH="LEFT" text="MRTARGET_STRINGS_SCALE">
          <Anchors>
            <Anchor point="TOPLEFT" relativeTo="$parentTitleNaming" relativePoint="BOTTOMLEFT" x="0" y="-55"/>
          </Anchors>
        </FontString>
        <FontString name="$parentTitleLayout" inherits="GameFontHighlight" justifyH="LEFT" text="MRTARGET_STRINGS_LAYOUT">
          <Anchors>
            <Anchor point="TOPLEFT" relativeTo="$parentTitleSize" relativePoint="BOTTOMLEFT" x="0" y="-55"/>
          </Anchors>
        </FontString>
        <FontString name="$parentTitleBorderless" inherits="GameFontHighlight" justifyH="LEFT" text="MRTARGET_STRINGS_STYLE">
          <Anchors>
            <Anchor point="TOPLEFT" relativeTo="$parentTitleLayout" relativePoint="BOTTOMLEFT" x="0" y="-80"/>
          </Anchors>
        </FontString>
        <FontString name="$parentErrors" inherits="GameFontHighlightSmall" justifyH="LEFT" text="MRTARGET_STRINGS_FEEDBACK">
          <Anchors>
            <Anchor point="BOTTOMLEFT" x="16" y="16"/>
            <Anchor point="BOTTOMRIGHT" x="-16" y="16"/>
          </Anchors>
        </FontString>
        <FontString name="$parentTaint" inherits="GameFontHighlightSmall" justifyH="LEFT" text="MRTARGET_STRINGS_TAINT">
          <Anchors>
            <Anchor point="BOTTOMLEFT" relativeTo="$parentErrors" relativePoint="TOPLEFT" x="0" y="0" />
            <Anchor point="BOTTOMRIGHT" relativeTo="$parentErrors" relativePoint="TOPRIGHT" x="0" y="0" />
          </Anchors>
        </FontString>
        <FontString name="$parentInfo" inherits="GameFontNormalSmall" justifyH="LEFT" text="MRTARGET_STRINGS_MOVE">
          <Anchors>
            <Anchor point="BOTTOMLEFT" relativeTo="$parentTaint" relativePoint="TOPLEFT" x="0" y="0" />
            <Anchor point="BOTTOMRIGHT" relativeTo="$parentTaint" relativePoint="TOPRIGHT" x="0" y="0" />
          </Anchors>
        </FontString>
      </Layer>
    </Layers>
    <Frames>
      <CheckButton name="$parentEnabled" inherits="OptionsBaseCheckButtonTemplate" parentKey="Enabled">
        <Anchors>
          <Anchor point="TOPLEFT" relativeTo="$parentTitle" relativePoint="BOTTOMLEFT" x="-4" y="-4"/>
        </Anchors>
        <Layers>
          <Layer level="ARTWORK">
            <FontString name="$parentText" inherits="GameFontNormalSmall" parentKey="text" text="MRTARGET_STRINGS_ENABLE">
              <Anchors>
                <Anchor point="LEFT" relativeTo="$parent" relativePoint="RIGHT" x="0" y="1"/>
              </Anchors>
            </FontString>
          </Layer>
        </Layers>
        <Scripts>
          <OnClick>
            MrTarget:SetOption('enabled', self:GetChecked());
          </OnClick>
        </Scripts>
      </CheckButton>
      <CheckButton name="$parentEnemy" inherits="OptionsBaseCheckButtonTemplate" parentKey="Enemy">
        <Anchors>
          <Anchor point="TOPLEFT" relativeTo="$parentEnabled" relativePoint="BOTTOMLEFT" x="0" y="6"/>
        </Anchors>
        <Layers>
          <Layer level="ARTWORK">
            <FontString name="$parentText" inherits="GameFontNormalSmall" parentKey="text" text="MRTARGET_STRINGS_ENEMIES">
              <Anchors>
                <Anchor point="LEFT" relativeTo="$parent" relativePoint="RIGHT" x="0" y="1"/>
              </Anchors>
            </FontString>
          </Layer>
        </Layers>
        <Scripts>
          <OnClick>
            MrTarget:SetOption('enemy', self:GetChecked());
          </OnClick>
        </Scripts>
      </CheckButton>
      <CheckButton name="$parentFriendly" inherits="OptionsBaseCheckButtonTemplate" parentKey="Friendly">
        <Anchors>
          <Anchor point="TOPLEFT" relativeTo="$parentEnemy" relativePoint="BOTTOMLEFT" x="0" y="6"/>
        </Anchors>
        <Layers>
          <Layer level="ARTWORK">
            <FontString name="$parentText" inherits="GameFontNormalSmall" parentKey="text" text="MRTARGET_STRINGS_FRIENDS">
              <Anchors>
                <Anchor point="LEFT" relativeTo="$parent" relativePoint="RIGHT" x="0" y="1"/>
              </Anchors>
            </FontString>
          </Layer>
        </Layers>
        <Scripts>
          <OnClick>
            MrTarget:SetOption('friendly', self:GetChecked());
          </OnClick>
        </Scripts>
      </CheckButton>
      <CheckButton name="$parentPower" inherits="OptionsBaseCheckButtonTemplate" parentKey="Power">
        <Anchors>
          <Anchor point="TOPLEFT" relativeTo="$parentFriendly" relativePoint="BOTTOMLEFT" x="0" y="6"/>
        </Anchors>
        <Layers>
          <Layer level="ARTWORK">
            <FontString name="$parentText" inherits="GameFontNormalSmall" parentKey="text" text="MRTARGET_STRINGS_POWER">
              <Anchors>
                <Anchor point="LEFT" relativeTo="$parent" relativePoint="RIGHT" x="0" y="1"/>
              </Anchors>
            </FontString>
          </Layer>
        </Layers>
        <Scripts>
          <OnClick>
            MrTarget:SetOption('power', self:GetChecked());
          </OnClick>
        </Scripts>
      </CheckButton>
      <CheckButton name="$parentRange" inherits="OptionsBaseCheckButtonTemplate" parentKey="Range">
        <Anchors>
          <Anchor point="TOPLEFT" relativeTo="$parentPower" relativePoint="BOTTOMLEFT" x="0" y="6"/>
        </Anchors>
        <Layers>
          <Layer level="ARTWORK">
            <FontString name="$parentText" inherits="GameFontNormalSmall" parentKey="text" text="MRTARGET_STRINGS_RANGE">
              <Anchors>
                <Anchor point="LEFT" relativeTo="$parent" relativePoint="RIGHT" x="0" y="1"/>
              </Anchors>
            </FontString>
          </Layer>
        </Layers>
        <Scripts>
          <OnClick>
            MrTarget:SetOption('range', self:GetChecked());
          </OnClick>
        </Scripts>
      </CheckButton>
      <CheckButton name="$parentTargeted" inherits="OptionsBaseCheckButtonTemplate" parentKey="Targeted">
        <Anchors>
          <Anchor point="TOPLEFT" relativeTo="$parentRange" relativePoint="BOTTOMLEFT" x="0" y="6"/>
        </Anchors>
        <Layers>
          <Layer level="ARTWORK">
            <FontString name="$parentText" inherits="GameFontNormalSmall" parentKey="text" text="MRTARGET_STRINGS_TARGETS">
              <Anchors>
                <Anchor point="LEFT" relativeTo="$parent" relativePoint="RIGHT" x="0" y="1"/>
              </Anchors>
            </FontString>
          </Layer>
        </Layers>
        <Scripts>
          <OnClick>
            MrTarget:SetOption('targeted', self:GetChecked());
          </OnClick>
        </Scripts>
      </CheckButton>
      <Frame name="$parentNaming" inherits="UIDropDownMenuTemplate" parentKey="Naming" enableMouse="true">
        <Anchors>
          <Anchor point="TOPLEFT" relativeTo="$parentTitleNaming" relativePoint="BOTTOMLEFT" x="-18" y="-18"/>
        </Anchors>
        <Layers>
          <Layer level="ARTWORK">
            <FontString name="$parentText" inherits="GameFontNormalSmall" justifyH="LEFT" text="MRTARGET_STRINGS_CYRILLIC">
              <Anchors>
                <Anchor point="BOTTOMLEFT" relativePoint="TOPLEFT" x="18" y="2"/>
              </Anchors>
            </FontString>
          </Layer>
        </Layers>
      </Frame>
      <Slider name="$parentSize" inherits="OptionsSliderTemplate" parentKey="Size">
        <Size x="200" y="20"/>
        <Anchors>
          <Anchor point="TOPLEFT" relativeTo="$parentTitleSize" relativePoint="BOTTOMLEFT" x="4" y="-16"/>
        </Anchors>
        <Layers>
          <Layer level="ARTWORK">
            <FontString name="$parentLabel" inherits="GameFontNormalSmall" justifyH="LEFT" text="MRTARGET_STRINGS_SIZE">
              <Anchors>
                <Anchor point="BOTTOMLEFT" relativePoint="TOPLEFT" x="-4" y="2"/>
              </Anchors>
            </FontString>
            <FontString name="$parentValueText" inherits="GameFontHighlightSmall" parentKey="ValueText">
              <Anchors>
                <Anchor point="TOP" relativePoint="BOTTOM" x="0" y="3"/>
              </Anchors>
            </FontString>
          </Layer>
        </Layers>
        <Scripts>
          <OnLoad>
            self:SetValueStep(1);
            self:SetMinMaxValues(50, 150);
            self:SetValue(100);
          </OnLoad>
          <OnValueChanged>
            self:SetValue(math.floor(self:GetValue()));
            self.ValueText:SetText(self:GetValue()..'%');
            MrTarget:SetOptionSize(self:GetValue());
          </OnValueChanged>
        </Scripts>
      </Slider>
      <Slider name="$parentColumns" inherits="OptionsSliderTemplate" parentKey="Columns">
        <Size x="200" y="20"/>
        <Anchors>
          <Anchor point="TOPLEFT" relativeTo="$parentTitleLayout" relativePoint="BOTTOMLEFT" x="4" y="-16"/>
        </Anchors>
        <Layers>
          <Layer level="ARTWORK">
            <FontString name="$parentLabel" inherits="GameFontNormalSmall" justifyH="LEFT" text="MRTARGET_STRINGS_COLUMNS">
              <Anchors>
                <Anchor point="BOTTOMLEFT" relativePoint="TOPLEFT" x="-4" y="2"/>
              </Anchors>
            </FontString>
            <FontString name="$parentValueText" inherits="GameFontHighlightSmall" parentKey="ValueText">
              <Anchors>
                <Anchor point="TOP" relativePoint="BOTTOM" x="0" y="3"/>
              </Anchors>
            </FontString>
          </Layer>
        </Layers>
        <Scripts>
          <OnLoad>
            self:SetValueStep(1);
            self:SetMinMaxValues(1, 5);
            self:SetValue(100);
            getglobal(self:GetName()..'Low'):SetText('1');
            getglobal(self:GetName()..'High'):SetText('5');
          </OnLoad>
          <OnValueChanged>
            self:SetValue(math.floor(self:GetValue()));
            self.ValueText:SetText(string.format(MRTARGET_STRINGS_SLIDER_TEXT, self:GetValue()));
            MrTarget:SetOptionColumns(self:GetValue());
          </OnValueChanged>
        </Scripts>
      </Slider>
      <CheckButton name="$parentAuras" inherits="OptionsBaseCheckButtonTemplate" parentKey="Auras">
        <Anchors>
          <Anchor point="TOPLEFT" relativeTo="$parentColumns" relativePoint="BOTTOMLEFT" x="-8" y="-10"/>
        </Anchors>
        <Layers>
          <Layer level="ARTWORK">
            <FontString name="$parentText" inherits="GameFontNormalSmall" parentKey="text" text="MRTARGET_STRINGS_AURAS">
              <Anchors>
                <Anchor point="LEFT" relativeTo="$parent" relativePoint="RIGHT" x="0" y="1"/>
              </Anchors>
            </FontString>
          </Layer>
        </Layers>
        <Scripts>
          <OnClick>
            MrTarget:SetOption('auras', self:GetChecked());
          </OnClick>
        </Scripts>
      </CheckButton>
      <CheckButton name="$parentBorderless" inherits="OptionsBaseCheckButtonTemplate" parentKey="Borderless">
        <Anchors>
          <Anchor point="TOPLEFT" relativeTo="$parentTitleBorderless" relativePoint="BOTTOMLEFT" x="-4" y="-2"/>
        </Anchors>
        <Layers>
          <Layer level="ARTWORK">
            <FontString name="$parentText" inherits="GameFontNormalSmall" text="MRTARGET_STRINGS_BORDERLESS">
              <Anchors>
                <Anchor point="LEFT" relativePoint="RIGHT" x="0" y="1"/>
              </Anchors>
            </FontString>
          </Layer>
        </Layers>
        <Scripts>
          <OnClick>
            MrTarget:SetOption('borderless', self:GetChecked());
            MrTarget:SetOption('icons', self:GetChecked());
            self:GetParent().Icons:SetChecked(self:GetChecked());
          </OnClick>
        </Scripts>
      </CheckButton>
      <CheckButton name="$parentIcons" inherits="OptionsBaseCheckButtonTemplate" parentKey="Icons" hidden="true">
        <Anchors>
          <Anchor point="TOPLEFT" relativeTo="$parentBorderless" relativePoint="BOTTOMLEFT" x="0" y="2"/>
        </Anchors>
        <Layers>
          <Layer level="ARTWORK">
            <FontString name="$parentText" inherits="GameFontHighlightSmall" text="MRTARGET_STRINGS_ICONS">
              <Anchors>
                <Anchor point="LEFT" relativePoint="RIGHT" x="0" y="1"/>
              </Anchors>
            </FontString>
          </Layer>
        </Layers>
        <Scripts>
          <OnClick>
            MrTarget:SetOption('icons', self:GetChecked());
          </OnClick>
        </Scripts>
      </CheckButton>
    </Frames>
  </Frame>
</Ui>


