<Ui xmlns="http://www.blizzard.com/wow/ui/"
  xmlns:xsi="http://www.w3.org/2001/XMLSchema-instance"
  xsi:schemaLocation="http://www.blizzard.com/wow/ui/..\FrameXML\UI.xsd">
  <Button name="MrTargetAuraTemplate" virtual="true" enableMouse="false" hidden="false">
    <Size x="36" y="36"/>
    <Layers>
      <Layer level="ARTWORK">
        <Texture name="$parentIcon" parentKey="ICON" setAllPoints="true"/>
      </Layer>
      <Layer level="ARTWORK">
        <FontString name="$parentExpires" inherits="TextStatusBarTextLarge" parentKey="expires" justifyH="LEFT">
          <Anchors>
            <Anchor point="BOTTOMLEFT" relativeTo="$parent" relativePoint="BOTTOMLEFT" x="-1" y="1"/>
            <Anchor point="BOTTOMRIGHT" relativeTo="$parent" relativePoint="BOTTOMRIGHT" x="1 " y="1"/>
          </Anchors>
        </FontString>
      </Layer>
    </Layers>
    <Scripts>
      <OnEnter>
        if self.id then
          GameTooltip_SetDefaultAnchor(GameTooltip, self);
          GameTooltip:SetSpellByID(self.id);
          GameTooltip:Show();
        end
      </OnEnter>
      <OnLeave>
        if GameTooltip:IsVisible() then
          GameTooltip:Hide();
          GameTooltip:ClearLines()
        end
      </OnLeave>
    </Scripts>
  </Button>
</Ui>
